{"('full', 10) Top 1": 75.06062984466553}
{"('full', 20) Top 1": 75.90945959091187}
{"('full', 100) Top 1": 77.50101089477539}
{"('full', 200) Top 1": 78.00626754760742}
{"('full', 10) Top 1": 75.06062984466553}
{"('full', 20) Top 1": 75.90945959091187}
{"('full', 100) Top 1": 77.50101089477539}
{"('full', 200) Top 1": 78.00626754760742}
{"('full', 10) Top 1": 75.06062984466553}
{"('full', 20) Top 1": 75.90945959091187}
{"('full', 100) Top 1": 77.50101089477539}
{"('full', 200) Top 1": 78.00626754760742}
{"('full', 10) Top 1": 75.06062984466553}
{"('full', 20) Top 1": 75.90945959091187}
{"('full', 100) Top 1": 77.50101089477539}
{"('full', 200) Top 1": 78.00626754760742}
{"('full', 10) Top 1": 75.06062984466553}
{"('full', 20) Top 1": 75.90945959091187}
{"('full', 100) Top 1": 77.50101089477539}
{"('full', 200) Top 1": 78.00626754760742}
{"('full', 10) Top 1": 75.06062984466553}
{"('full', 20) Top 1": 75.90945959091187}
{"('full', 100) Top 1": 77.50101089477539}
{"('full', 200) Top 1": 78.00626754760742}
{"('full', 10) Top 1": 75.06062984466553}
{"('full', 20) Top 1": 75.90945959091187}
{"('full', 100) Top 1": 77.50101089477539}
{"('full', 200) Top 1": 78.00626754760742}
{"('full', 10) Top 1": 75.06062984466553}
{"('full', 20) Top 1": 75.90945959091187}
{"('full', 100) Top 1": 77.50101089477539}
{"('full', 200) Top 1": 78.00626754760742}
