{"('full', 10) Top 1": 83.51859450340271}
{"('full', 20) Top 1": 84.21079516410828}
{"('full', 100) Top 1": 84.2208981513977}
{"('full', 200) Top 1": 84.15015935897827}
