{"('full', 10) Top 1": 71.1499571800232}
{"('full', 20) Top 1": 72.0291018486023}
{"('full', 100) Top 1": 73.02950620651245}
{"('full', 200) Top 1": 72.92340397834778}
{"('full', 10) Top 1": 71.1499571800232}
{"('full', 20) Top 1": 72.0291018486023}
{"('full', 100) Top 1": 73.02950620651245}
{"('full', 200) Top 1": 72.92340397834778}
{"('full', 10) Top 1": 71.1499571800232}
{"('full', 20) Top 1": 72.0291018486023}
{"('full', 100) Top 1": 73.02950620651245}
{"('full', 200) Top 1": 72.92340397834778}
{"('full', 10) Top 1": 71.1499571800232}
{"('full', 20) Top 1": 72.0291018486023}
{"('full', 100) Top 1": 73.02950620651245}
{"('full', 200) Top 1": 72.92340397834778}
{"('full', 10) Top 1": 71.1499571800232}
{"('full', 20) Top 1": 72.0291018486023}
{"('full', 100) Top 1": 73.02950620651245}
{"('full', 200) Top 1": 72.92340397834778}
{"('full', 10) Top 1": 71.1499571800232}
{"('full', 20) Top 1": 72.0291018486023}
{"('full', 100) Top 1": 73.02950620651245}
{"('full', 200) Top 1": 72.92340397834778}
{"('full', 10) Top 1": 71.1499571800232}
{"('full', 20) Top 1": 72.0291018486023}
{"('full', 100) Top 1": 73.02950620651245}
{"('full', 200) Top 1": 72.92340397834778}
{"('full', 10) Top 1": 71.11459374427795}
{"('full', 20) Top 1": 72.03920483589172}
{"('full', 100) Top 1": 73.02950620651245}
{"('full', 200) Top 1": 72.9335069656372}
