{"('full', 10) Top 1": 77.05133557319641}
{"('full', 20) Top 1": 78.14773917198181}
{"('full', 100) Top 1": 78.93593311309814}
{"('full', 200) Top 1": 78.78435850143433}
