{"iteration": 0, "iter_time": 22.995115280151367, "data_time": 4.05360746383667, "lr": 0.0, "wd": 0.03999999999999998, "mom": 0.992, "last_layer_lr": 0.0, "current_batch_size": 12.0, "total_loss": 13.739310264587402, "dino_local_crops_loss": 9.175152778625488, "dino_global_crops_loss": 1.1469026803970337, "koleo_loss": 0.6416015625, "ibot_loss": 2.775653600692749}
{"iteration": 10, "iter_time": 4.071051597595215, "data_time": 0.36870792508125305, "lr": 1.7321893827194945e-07, "wd": 0.040000001421223064, "mom": 0.9920000000315827, "last_layer_lr": 0.0, "current_batch_size": 12.0, "total_loss": 14.141530990600586, "dino_local_crops_loss": 9.521240234375, "dino_global_crops_loss": 1.1901516914367676, "koleo_loss": 0.63916015625, "ibot_loss": 2.7924439907073975}
{"iteration": 20, "iter_time": 2.249959945678711, "data_time": 0.00018979310698341578, "lr": 3.464378765438989e-07, "wd": 0.04000000568489204, "mom": 0.9920000001263309, "last_layer_lr": 0.0, "current_batch_size": 12.0, "total_loss": 14.382261276245117, "dino_local_crops_loss": 9.72928524017334, "dino_global_crops_loss": 1.2161580324172974, "koleo_loss": 0.6376953125, "ibot_loss": 2.8010756969451904}
{"iteration": 30, "iter_time": 2.329209566116333, "data_time": 0.00018906593322753906, "lr": 6.928757530877978e-07, "wd": 0.04000002273956804, "mom": 0.9920000005053238, "last_layer_lr": 0.0, "current_batch_size": 12.0, "total_loss": 14.613439559936523, "dino_local_crops_loss": 9.925896644592285, "dino_global_crops_loss": 1.2407366037368774, "koleo_loss": 0.6328125, "ibot_loss": 2.8119075298309326}
{"iteration": 40, "iter_time": 2.3863399028778076, "data_time": 0.00021629333787132055, "lr": 1.0393136296316968e-06, "wd": 0.04000005116402677, "mom": 0.9920000011369784, "last_layer_lr": 0.0, "current_batch_size": 12.0, "total_loss": 14.673979759216309, "dino_local_crops_loss": 9.99392318725586, "dino_global_crops_loss": 1.2492413520812988, "koleo_loss": 0.6181640625, "ibot_loss": 2.8144500255584717}
{"iteration": 50, "iter_time": 2.445314884185791, "data_time": 0.00020473003678489476, "lr": 1.3857515061755956e-06, "wd": 0.04000009095826651, "mom": 0.9920000020212948, "last_layer_lr": 0.0, "current_batch_size": 12.0, "total_loss": 14.68552017211914, "dino_local_crops_loss": 10.016329765319824, "dino_global_crops_loss": 1.2520455121994019, "koleo_loss": 0.6015625, "ibot_loss": 2.816192626953125}
{"iteration": 60, "iter_time": 2.4953532218933105, "data_time": 0.00019588469876907766, "lr": 1.7321893827194947e-06, "wd": 0.04000014212228464, "mom": 0.992000003158273, "last_layer_lr": 0.0, "current_batch_size": 12.0, "total_loss": 14.67427921295166, "dino_local_crops_loss": 10.020671844482422, "dino_global_crops_loss": 1.2525815963745117, "koleo_loss": 0.58349609375, "ibot_loss": 2.816305160522461}
{"iteration": 70, "iter_time": 2.507793426513672, "data_time": 0.0002234339772257954, "lr": 2.0786272592633936e-06, "wd": 0.040000204656078064, "mom": 0.9920000045479128, "last_layer_lr": 0.0, "current_batch_size": 12.0, "total_loss": 14.636983871459961, "dino_local_crops_loss": 10.018472671508789, "dino_global_crops_loss": 1.25230872631073, "koleo_loss": 0.548828125, "ibot_loss": 2.8155484199523926}
{"iteration": 80, "iter_time": 2.464296817779541, "data_time": 0.0002093672810588032, "lr": 2.4250651358072924e-06, "wd": 0.04000027855964278, "mom": 0.9920000061902142, "last_layer_lr": 0.0, "current_batch_size": 12.0, "total_loss": 14.599135398864746, "dino_local_crops_loss": 10.011192321777344, "dino_global_crops_loss": 1.2514021396636963, "koleo_loss": 0.5205078125, "ibot_loss": 2.815603256225586}
{"iteration": 90, "iter_time": 2.4602773189544678, "data_time": 0.00018367767916060984, "lr": 2.7715030123511913e-06, "wd": 0.04000036383297406, "mom": 0.9920000080851772, "last_layer_lr": 0.0, "current_batch_size": 12.0, "total_loss": 14.558934211730957, "dino_local_crops_loss": 9.999933242797852, "dino_global_crops_loss": 1.2499912977218628, "koleo_loss": 0.49072265625, "ibot_loss": 2.8155384063720703}
{"iteration": 100, "iter_time": 2.4795639514923096, "data_time": 0.0001935481996042654, "lr": 3.11794088889509e-06, "wd": 0.04000046047606659, "mom": 0.9920000102328015, "last_layer_lr": 0.0, "current_batch_size": 12.0, "total_loss": 14.49535083770752, "dino_local_crops_loss": 9.986814498901367, "dino_global_crops_loss": 1.2483577728271484, "koleo_loss": 0.446044921875, "ibot_loss": 2.815349578857422}
{"iteration": 110, "iter_time": 2.4795801639556885, "data_time": 0.00018503665341995656, "lr": 3.4643787654389894e-06, "wd": 0.04000056848891426, "mom": 0.992000012633087, "last_layer_lr": 0.0, "current_batch_size": 12.0, "total_loss": 14.465791702270508, "dino_local_crops_loss": 9.973621368408203, "dino_global_crops_loss": 1.2467015981674194, "koleo_loss": 0.42724609375, "ibot_loss": 2.815269947052002}
{"iteration": 120, "iter_time": 2.4951605796813965, "data_time": 0.00018103122420143336, "lr": 3.8108166419828883e-06, "wd": 0.04000068787151023, "mom": 0.9920000152860335, "last_layer_lr": 0.0, "current_batch_size": 12.0, "total_loss": 14.415515899658203, "dino_local_crops_loss": 9.962124824523926, "dino_global_crops_loss": 1.2452689409255981, "koleo_loss": 0.392578125, "ibot_loss": 2.8151912689208984}
{"iteration": 130, "iter_time": 2.5179474353790283, "data_time": 0.00019201039685867727, "lr": 4.157254518526787e-06, "wd": 0.04000081862384691, "mom": 0.9920000181916411, "last_layer_lr": 0.0, "current_batch_size": 12.0, "total_loss": 14.392637252807617, "dino_local_crops_loss": 9.952523231506348, "dino_global_crops_loss": 1.2440637350082397, "koleo_loss": 0.382080078125, "ibot_loss": 2.814268112182617}
{"iteration": 140, "iter_time": 2.519155263900757, "data_time": 0.00020477772341109812, "lr": 4.503692395070686e-06, "wd": 0.040000960745916136, "mom": 0.9920000213499093, "last_layer_lr": 0.0, "current_batch_size": 12.0, "total_loss": 14.38311767578125, "dino_local_crops_loss": 9.94497299194336, "dino_global_crops_loss": 1.24312424659729, "koleo_loss": 0.37841796875, "ibot_loss": 2.8134143352508545}
{"iteration": 150, "iter_time": 2.5098891258239746, "data_time": 0.0001995205821003765, "lr": 4.850130271614585e-06, "wd": 0.04000111423770886, "mom": 0.9920000247608379, "last_layer_lr": 0.0, "current_batch_size": 12.0, "total_loss": 14.35921573638916, "dino_local_crops_loss": 9.938419342041016, "dino_global_crops_loss": 1.2423006296157837, "koleo_loss": 0.36279296875, "ibot_loss": 2.8121566772460938}
{"iteration": 160, "iter_time": 2.497892379760742, "data_time": 0.00017859935178421438, "lr": 5.196568148158484e-06, "wd": 0.04000127909921547, "mom": 0.992000028424427, "last_layer_lr": 0.0, "current_batch_size": 12.0, "total_loss": 14.32794189453125, "dino_local_crops_loss": 9.932632446289062, "dino_global_crops_loss": 1.2415745258331299, "koleo_loss": 0.3447265625, "ibot_loss": 2.8114280700683594}
{"iteration": 170, "iter_time": 2.499009370803833, "data_time": 0.0001673817605478689, "lr": 5.5430060247023825e-06, "wd": 0.04000145533042543, "mom": 0.9920000323406761, "last_layer_lr": 0.0, "current_batch_size": 12.0, "total_loss": 14.301054954528809, "dino_local_crops_loss": 9.926741600036621, "dino_global_crops_loss": 1.2408416271209717, "koleo_loss": 0.323486328125, "ibot_loss": 2.8105082511901855}
{"iteration": 180, "iter_time": 2.509479522705078, "data_time": 0.00019243956194259226, "lr": 5.889443901246281e-06, "wd": 0.04000164293132774, "mom": 0.992000036509585, "last_layer_lr": 0.0, "current_batch_size": 12.0, "total_loss": 14.277565002441406, "dino_local_crops_loss": 9.92101764678955, "dino_global_crops_loss": 1.2401435375213623, "koleo_loss": 0.305908203125, "ibot_loss": 2.808621406555176}
{"iteration": 190, "iter_time": 2.518127202987671, "data_time": 0.00018974542035721242, "lr": 6.23588177779018e-06, "wd": 0.04000184190191042, "mom": 0.9920000409311536, "last_layer_lr": 0.0, "current_batch_size": 12.0, "total_loss": 14.240829467773438, "dino_local_crops_loss": 9.914799690246582,