{"('full', 10) Top 1": 91.75929427146912}
{"('full', 20) Top 1": 92.00687408447266}
{"('full', 100) Top 1": 91.67845845222473}
{"('full', 200) Top 1": 91.43593311309814}
{"('full', 10) Top 1": 91.75929427146912}
{"('full', 20) Top 1": 92.00687408447266}
{"('full', 100) Top 1": 91.67845845222473}
{"('full', 200) Top 1": 91.43593311309814}
{"('full', 10) Top 1": 91.75929427146912}
{"('full', 20) Top 1": 92.00687408447266}
{"('full', 100) Top 1": 91.67845845222473}
{"('full', 200) Top 1": 91.43593311309814}
{"('full', 10) Top 1": 91.75929427146912}
{"('full', 20) Top 1": 92.00687408447266}
{"('full', 100) Top 1": 91.67845845222473}
{"('full', 200) Top 1": 91.43593311309814}
{"('full', 10) Top 1": 91.75929427146912}
{"('full', 20) Top 1": 92.00687408447266}
{"('full', 100) Top 1": 91.67845845222473}
{"('full', 200) Top 1": 91.43593311309814}
{"('full', 10) Top 1": 91.75929427146912}
{"('full', 20) Top 1": 92.00687408447266}
{"('full', 100) Top 1": 91.67845845222473}
{"('full', 200) Top 1": 91.43593311309814}
{"('full', 10) Top 1": 91.75929427146912}
{"('full', 20) Top 1": 92.00687408447266}
{"('full', 100) Top 1": 91.67845845222473}
{"('full', 200) Top 1": 91.43593311309814}
{"('full', 10) Top 1": 91.75929427146912}
{"('full', 20) Top 1": 92.00687408447266}
{"('full', 100) Top 1": 91.67845845222473}
{"('full', 200) Top 1": 91.43593311309814}
