{"('full', 10) Top 1": 84.31689739227295}
{"('full', 20) Top 1": 84.73120331764221}
{"('full', 100) Top 1": 85.04951596260071}
{"('full', 200) Top 1": 85.07983088493347}
{"('full', 10) Top 1": 84.31689739227295}
{"('full', 20) Top 1": 84.73120331764221}
{"('full', 100) Top 1": 85.04951596260071}
{"('full', 200) Top 1": 85.07983088493347}
{"('full', 10) Top 1": 84.31689739227295}
{"('full', 20) Top 1": 84.73120331764221}
{"('full', 100) Top 1": 85.04951596260071}
{"('full', 200) Top 1": 85.07983088493347}
{"('full', 10) Top 1": 84.31689739227295}
{"('full', 20) Top 1": 84.73120331764221}
{"('full', 100) Top 1": 85.04951596260071}
{"('full', 200) Top 1": 85.07983088493347}
{"('full', 10) Top 1": 84.31689739227295}
{"('full', 20) Top 1": 84.73120331764221}
{"('full', 100) Top 1": 85.04951596260071}
{"('full', 200) Top 1": 85.07983088493347}
{"('full', 10) Top 1": 84.31689739227295}
{"('full', 20) Top 1": 84.73120331764221}
{"('full', 100) Top 1": 85.04951596260071}
{"('full', 200) Top 1": 85.07983088493347}
{"('full', 10) Top 1": 84.31689739227295}
{"('full', 20) Top 1": 84.73120331764221}
{"('full', 100) Top 1": 85.04951596260071}
{"('full', 200) Top 1": 85.07983088493347}
{"('full', 10) Top 1": 84.31689739227295}
{"('full', 20) Top 1": 84.73120331764221}
{"('full', 100) Top 1": 85.04951596260071}
{"('full', 200) Top 1": 85.07983088493347}
