{"('full', 10) Top 1": 70.58500051498413}
{"('full', 20) Top 1": 70.52000164985657}
{"('full', 100) Top 1": 68.88499855995178}
{"('full', 200) Top 1": 67.80999898910522}
