{"('full', 10) Top 1": 71.57942652702332}
{"('full', 20) Top 1": 72.53435850143433}
{"('full', 100) Top 1": 73.97938370704651}
{"('full', 200) Top 1": 74.55032467842102}
