{"('full', 10) Top 1": 87.68694400787354}
{"('full', 20) Top 1": 87.85367608070374}
{"('full', 100) Top 1": 87.79304623603821}
{"('full', 200) Top 1": 87.51010298728943}
